
-- -------- < aula4exer6Evolucao3 Popula > --------
--
--                    SCRIPT DE MANIPULAÇÃO (DML)
--
-- Data Criacao ...........: 06/05/2024
-- Autor(es) ..............: Arthur Heleno do Couto da Silva e Gabryel Nicolas Soares de Sousa
-- Banco de Dados .........: MySQL 8.0
-- Base de Dados (nome) ...: aula4exer6Evolucao3
--
-- PROJETO => 01 Base de Dados
--         => 11 Tabelas
--
-- 
-- Ultimas Alteracoes
--   13/05/2024 => Adiciona mais 3 tuplas para cada tabela
-- ---------------------------------------------------------

-- BASE DE DADOS
USE aula4exer6Evolucao2;

-- INSERCOES
INSERT INTO PROPRIETARIO VALUES (04161109164, 'Arthur Heleno', 'M', '1999-07-26', 24);
INSERT INTO PROPRIETARIO VALUES (12345678910, 'Luis Silva', 'M', '1977-05-04', 47);
INSERT INTO PROPRIETARIO VALUES (98765432100, 'Dilma Maria', 'F', '2000-04-20', 24);
INSERT INTO PROPRIETARIO VALUES (09876543210, 'Ana Souza', 'F', '1985-09-12', 39);
INSERT INTO PROPRIETARIO VALUES (14725836900, 'Pedro Oliveira', 'M', '1990-03-20', 32);
INSERT INTO PROPRIETARIO VALUES (36925814700, 'Mariana Santos', 'F', '1980-11-05', 41);

INSERT INTO endereco  VALUES ('SQN 407 Bloco L', 307, '', 'Asa Norte', 'Brasília', 'DF', 04161109164);
INSERT INTO endereco  VALUES ('SQN 202 Bloco B', 204, '', 'Asa Norte', 'Brasília', 'DF', 12345678910);
INSERT INTO endereco  VALUES ('SQS 104 Bloco K', 106, '', 'Asa Sul', 'Brasília', 'DF', 98765432100);
INSERT INTO endereco VALUES ('SQN 305 Bloco A', 102, '', 'Asa Norte', 'Brasília', 'DF', 09876543210);
INSERT INTO endereco VALUES ('SQS 404 Bloco D', 301, '', 'Asa Sul', 'Brasília', 'DF', 14725836900);
INSERT INTO endereco VALUES ('SQN 212 Bloco E', 502, '', 'Asa Norte', 'Brasília', 'DF', 36925814700);

INSERT INTO telefone VALUES (61987654321, 09876543210);
INSERT INTO telefone VALUES (61965432198, 14725836900);
INSERT INTO telefone VALUES (61998765432, 36925814700);
INSERT INTO telefone VALUES (61992890399, 04161109164);
INSERT INTO telefone VALUES (61940028922, 12345678910);
INSERT INTO telefone VALUES (61912345678, 98765432100);

INSERT INTO CATEGORIA VALUES (01, 'Automóvel');
INSERT INTO CATEGORIA VALUES (02, 'Motocicleta');
INSERT INTO CATEGORIA VALUES (03, 'Caminhão');
INSERT INTO CATEGORIA VALUES (04, 'Caminhonete');
INSERT INTO CATEGORIA VALUES (05, 'Van');
INSERT INTO CATEGORIA VALUES (06, 'Ônibus');

INSERT INTO MODELO VALUES (015324, 'FIESTA');
INSERT INTO MODELO VALUES (013245, 'CORSA CLASSIC');
INSERT INTO MODELO VALUES (014785, 'GOL G6');
INSERT INTO MODELO VALUES (016666, 'GOL MI');
INSERT INTO MODELO VALUES (013954, 'GOL 1.8');
INSERT INTO MODELO VALUES (014783, 'UNO CS');

INSERT INTO VEICULO VALUES ('IJJ4758', 'AAAAAAAAAAAAAAAAAA', 'Preto', 014783, 01, 2014, 04161109164);
INSERT INTO VEICULO VALUES ('LLU1236', 'JJJJJJJJJJJJJJJJJJ', 'Preto', 013954, 01, 2016, 04161109164);
INSERT INTO VEICULO VALUES ('ALJ7852', 'XXXXXXXXXXXXXXXXXX', 'Prata', 016666, 01, 2018, 04161109164);
INSERT INTO VEICULO VALUES ('BDC6574', 'BBBBBBBBBBBBBBBBBB', 'Azul', 015324, 04, 2015, 09876543210);
INSERT INTO VEICULO VALUES ('PLW9865', 'KKKKKKKKKKKKKKKKKK', 'Branco', 013245, 05, 2017, 14725836900);
INSERT INTO VEICULO VALUES ('XZY1234', 'YYYYYYYYYYYYYYYYYY', 'Vermelho', 014785, 06, 2019, 36925814700);

INSERT INTO TIPOINFRACAO VALUES (6666, 'ESTACIONAR EM LOCAL PROIBIDO', 600.50);
INSERT INTO TIPOINFRACAO VALUES (5555, 'USAR O CELULAR AO DIRIGIR', 700.50);
INSERT INTO TIPOINFRACAO VALUES (4444, 'DIRIGIR EMBRIAGADO', 1500.50);
INSERT INTO TIPOINFRACAO VALUES (9999, 'AVANÇO DE SINAL VERMELHO', 800.50);
INSERT INTO TIPOINFRACAO VALUES (8888, 'PARADA SOBRE A FAIXA DE PEDESTRES', 900.50);
INSERT INTO TIPOINFRACAO VALUES (7777, 'ULTRAPASSAR LIMITE DE VELOCIDADE', 1000.50);


INSERT INTO LOCALIZACAO VALUES (555555, 80);
INSERT INTO LOCALIZACAO VALUES (444444, 60);
INSERT INTO LOCALIZACAO VALUES (333333, 40);
INSERT INTO LOCALIZACAO VALUES (222222, 30);
INSERT INTO LOCALIZACAO VALUES (111111, 20);
INSERT INTO LOCALIZACAO VALUES (999999, 10);

INSERT INTO posicaoGeografica VALUES ('40° Norte', '160° Oeste', 222222);
INSERT INTO posicaoGeografica VALUES ('30° Norte', '165° Oeste', 111111);
INSERT INTO posicaoGeografica VALUES ('40° Sul', '160° Leste', 999999);
INSERT INTO posicaoGeografica VALUES ('50° Norte', '155° Oeste', 555555);
INSERT INTO posicaoGeografica VALUES ('60° Norte', '160° Oeste', 444444);
INSERT INTO posicaoGeografica VALUES ('50° Sul', '155° Leste', 333333);


INSERT INTO AGENTE VALUES (257423675821247, 'Marcos', '2022-05-06', 24);
INSERT INTO AGENTE VALUES (456214789632154, 'Alexandre', '2022-05-06', 24);
INSERT INTO AGENTE VALUES (217852369852147, 'Caio', '2022-05-06', 24);
INSERT INTO AGENTE VALUES (321456987032145, 'Rafael', '2022-05-06', 24);
INSERT INTO AGENTE VALUES (987654321032145, 'Patricia', '2022-05-06', 24);
INSERT INTO AGENTE VALUES (456987123032145, 'Vanessa', '2022-05-06', 24);

INSERT INTO INFRACAO VALUES ('BDC6574', '2023-05-06', '14:00:00', 6666, 222222, 40, 321456987032145);
INSERT INTO INFRACAO VALUES ('PLW9865', '2023-05-06', '14:30:00', 6666, 111111, 30, 987654321032145);
INSERT INTO INFRACAO VALUES ('XZY1234', '2023-05-06', '15:00:00', 6666, 999999, 20, 456987123032145);
INSERT INTO INFRACAO VALUES ('IJJ4758', '2023-05-05', '12:00:00', 7777, 555555, 90, 257423675821247);
INSERT INTO INFRACAO VALUES ('LLU1236', '2023-05-05', '12:30:00', 7777, 555555, 90, 456214789632154);
INSERT INTO INFRACAO VALUES ('ALJ7852', '2023-05-05', '13:00:00', 7777, 555555, 90, 217852369852147);
